PartNumber;SerialNumber;StationName;ProcessName;Pass_Fail;TimesTested;EntranceTime;ExitTime;FailString;UserName
2H24480+G;A00006421124T1;ITA_LASER06;SMT APPLY PANEL LABEL PASS 1;1;3;2022-08-18 14:59:00;2022-08-18 14:59:00;;Test Simu
2H24480+G;A00006421124T1;STA_ICTE14;TEST ICT;1;2;2022-08-18 14:59:08;2022-08-18 14:59:08;;Test Simu
2H24480+G;A00006421124T1;STA_FLASH32;FLASH PROGRAM;1;1;2022-08-18 14:59:11;2022-08-18 14:59:12;;Test Simu
2H24480+G;A00006421124T1;SOA_SINGPNL59;GENERAL ROUTER DEPANEL;1;1;2022-08-19 08:40:40;2022-08-19 08:40:44;;Test Simu
2H24480+G;A00006421124T1;ITA_AOI60;CONFORMAL INSPECTION PASS 1;1;1;2022-08-19 12:45:22;2022-08-19 12:45:23;;Test Simu
